use ecommerce;

insert into category(category_id, is_deleted, description, name) values
                      (1, 0, "Điều hòa nhiệt độ" , "Máy lạnh"),
                      (2, 0, "Máy giặt tự động", "Máy giặt"),
                      (3, 0, "Đông lạnh thực phẩm" ,"Tủ lạnh");


insert into brand(brand_id, is_deleted, name) values
                      (1, 0, "LG"),
                      (2, 0, "Toshiba"),
                      (3, 0, "Panasonic"),
                      (4, 0, "Sharp"),
                      (5, 0, "Samsung"),
                      (6, 0, "Hitachi"),
                      (7, 0, "Aqua"),
                      (8, 0, "Electrolux"),
                      (9, 0, "Daikin"),
                      (10, 0, "Casper"),
                      (11, 0, "Funiki"),
                      (12, 0, "TCL");

# username là duy, pass là 123
# insert into _user(id, is_deleted, avatar, email, fullname, locate, password, role, username) values
#                       (1, 0, null, "duy@gmail.com", "Duy Huynh", "vn", "$2a$10$xuIwJ5FPAot8JfNeJNeKOejQPvgTLRWwbUFE9EXPlCrufG13pMGrO", "ADMIN", "duy");

# 15 Sản phẩm
INSERT INTO `product` (`brand_id`, `category_id`, `is_deleted`, `product_id`, `quantity`, `warranty_months`, `old_price`, `price`, `attributes`, `name`, `origin`, `slug_url`, `description`, `thong_so_ki_thuat`) VALUES
                                                                                                                                                                                                                       (12, 1, b'0', 1, 100, 36, 6390000, 5990000, '[]', 'Máy lạnh TCL Inverter 1.5 HP TAC-13CSD/XAB1I', 'Trung Quốc', NULL, 'Máy lạnh TCL Inverter 1.5 HP TAC-13CSD/XAB1I ứng dụng các công nghệ làm lạnh Turbo, giúp bạn nhanh chóng tận hưởng được sự mát mẻ trong những ngày nắng nóng. Công nghệ AI Inverter kết hợp cùng Eco cho hiệu năng sử dụng điện được tối ưu hơn, bộ lọc HD giúp trả lại bầu không khí trong lành, loại bỏ mùi hôi. Dàn lạnh vận hành êm ái đi kèm tính năng I-Feel đem lại giấc ngủ ngon và sâu hơn.', 'Loại máy:Máy lạnh 1 chiều (chỉ làm lạnh)Inverter:Máy lạnh InverterCông suất làm lạnh:1.5 HP - 12.000 BTUPhạm vi làm lạnh hiệu quả:Từ 15 - 20m² (từ 40 đến 60 m³)Độ ồn trung bình:31.8 - 40.6 dB/50.7 dBDòng sản phẩm:2023Sản xuất tại:Trung QuốcThời gian bảo hành cục lạnh:3 nămThời gian bảo hành cục nóng:Máy nén 5 nămChất liệu dàn tản nhiệt:Hãng không công bốLoại Gas:R-32'),
                                                                                                                                                                                                                       (5, 1, b'0', 2, 1000, 12, 16690000, 12590000, '[]', 'Máy lạnh Samsung Inverter 2 HP AR18CYHAAWKNSV', 'Thái Lan', NULL, 'Dàn lạnh\r\n– Mẫu máy lạnh Samsung mang kiểu dáng hình hộp chữ nhật ngang với đường nét tinh tế, các góc bo tròn mềm mại, gam màu trắng tươi sáng, dung nhập liền mạch và góp phần mang đến nét sang trọng cho không gian sống của bạn.\r\n\r\n– Theo dõi nhiệt độ thuận tiện chỉ qua cử động ngước nhìn màn hình hiển thị nhiệt độ trên dàn lạnh ở góc bên phải của mặt trước thiết bị. \r\n\r\nDàn nóng\r\n\r\n– Vẻ ngoài gọn gàng, chất liệu bền chắc, cứng cáp giúp đảm bảo an toàn cho các bộ phận bên trong trước các tác động từ môi trường khi lắp đặt ngoài trời. \r\n\r\n– Ống dẫn gas chất liệu đồng, lá tản nhiệt bằng nhôm có độ bền cao, dẫn nhiệt hiệu quả, hạn chế ăn mòn trong suốt thời gian sử dụng.\r\n\r\nMáy lạnh Samsung Inverter 2 HP AR18CYFAAWKNSV - Tổng quan thiết kế \r\n\r\n*Hình ảnh chỉ mang tính chất minh họa\r\n\r\nCông nghệ làm lạnh      \r\n– Cho phạm vi làm lạnh hiệu quả trong phòng từ 20 – 30m² (từ 60 đến 80m³) với công suất 2 HP.\r\n\r\n– Máy lạnh có công nghệ Fast Cooling với thiết kế cải tiến có cửa hút khí, cửa thổi khí rộng hơn, quạt gió kích cỡ lớn hơn cho quá trình phân tán khí lạnh rộng khắp một cách nhanh chóng.\r\n\r\nMáy lạnh Samsung Inverter 2 HP AR18CYFAAWKNSV - Công nghệ làm lạnh\r\n\r\n*Hình ảnh chỉ mang tính chất minh họa\r\n\r\nCơ chế thổi gió\r\n– Thông qua cơ chế thổi gió tuỳ chỉnh điều khiển lên xuống trái phải tự động giúp lan tỏa rộng luồng hơi lạnh mà người dùng có thể cảm nhận được sự mát mẻ thư thái dù đứng ở bất kỳ nơi nào trong phòng. \r\n\r\n– Chế độ Wind-Free làm lạnh nhanh, đưa làn gió đến mọi vị trí trong phòng mà không tạo gió buốt thổi trực tiếp vào người sử dụng nhờ thiết kế 23.000 lỗ siêu nhỏ trên thân máy tạo ra luồng khí lạnh thổi dịu nhẹ.\r\n\r\nMáy lạnh Samsung Inverter 2 HP AR18CYFAAWKNSV - Cơ chế thổi gió\r\n\r\n*Hình ảnh chỉ mang tính chất minh họa\r\n\r\nCông nghệ tiết kiệm điện\r\n– Công nghệ Digital Inverter Boost sử dụng máy nén Inverter 8 cực cho khả năng làm lạnh nhanh hơn các máy lạnh thông thường trong khi sử dụng mức năng lượng tương tự nhau, đảm bảo thiết bị vận hành trơn tru, bền bỉ, tiết kiệm điện. \r\n\r\n– Tích hợp chế độ Eco cho máy làm lạnh tối ưu, giảm tiêu thụ điện năng hiệu quả. \r\n\r\n– Nhãn năng lượng: 5 sao (hiệu suất năng lượng 5.2), lượng tiêu thụ điện 1.77 kW/h. \r\n\r\nMáy lạnh Samsung Inverter 2 HP AR18CYFAAWKNSV - Công nghệ tiết kiệm điện\r\n\r\n*Hình ảnh chỉ mang tính chất minh họa\r\n\r\nKhả năng lọc không khí \r\n– Sử dụng bộ lọc Copper Anti-bacteria Filter kháng khuẩn, lọc sạch bụi bẩn cho không khí trong lành, tinh khiết, tốt cho sức khỏe của gia đình bạn. Chế tác có thể tháo ra, lắp vào linh hoạt, tiện lau chùi. \r\n\r\n– Chức năng Auto Clean làm khô bộ trao đổi nhiệt bằng quy trình 3 bước chặt chẽ một cách tự động nhờ đó giúp giảm thời gian và tiết kiệm chi phí cho việc vệ sinh thiết bị. Bên cạnh đó còn có tính năng Freeze Wash, khi sử dụng sẽ làm đông dàn trao đổi nhiệt rồi rã đông, rửa sạch bằng nước, cuốn đi các chất bẩn, vi sinh vật bên trong cho máy sạch sẽ hơn. \r\n\r\nMáy lạnh Samsung Inverter 2 HP AR18CYFAAWKNSV - Khả năng lọc không khí \r\n\r\n*Hình ảnh chỉ mang tính chất minh họa\r\n\r\nTiện ích\r\n– Chế độ ngủ ngon Good Sleep trên máy lạnh Inverter cho bạn chìm vào giấc ngủ nhanh, sâu.\r\n\r\n– Điều khiển từ xa qua ứng dụng SmartThings: nếu bạn lỡ quên không nhớ để remote ở đâu, có thể cài đặt ứng dụng này trên thiết bị di động và điều khiển máy lạnh dễ dàng.\r\n\r\n– Làm lạnh thông minh AI Auto Cooling: trí tuệ nhân tạo AI tự phân tích nhiệt độ theo thói quen, điều kiện không gian, cách thức thiết bị vận hành để thiết lập chế độ làm lạnh tối ưu, hạn chế hao phí điện.\r\n\r\n– Chức năng khử ẩm: hạn chế sự ẩm ướt trong phòng, từ đó bạn luôn cảm thấy thoải mái với không gian phòng thông thoáng, khô ráo.\r\n\r\nNgoài ra còn có các tiện ích như: Hẹn giờ bật tắt máy, Chế độ tự khởi động lại khi có điện,…\r\n\r\nMáy lạnh Samsung Inverter 2 HP AR18CYFAAWKNSV - Tiện ích\r\n\r\n*Hình ảnh chỉ mang tính chất minh họa\r\n\r\nNhìn chung, mẫu máy lạnh Samsung Inverter AR18CYHAAWKNSV rất thích hợp dùng trong hộ gia đình có những căn phòng từ 20 – 30m², sản phẩm cho hiệu quả làm lạnh cao, giảm tiêu thụ điện năng với công nghệ Digital Inverter Boost, tạo luồng khí lạnh phân tán rộng, làm mát dịu nhẹ qua 23.000 lỗ nhỏ với chế độ Wind-Free tiên tiến.', 'Loại máy lạnh:Máy lạnh 1 chiều (chỉ làm lạnh)\r\nCông nghệ tiết kiệm điện:Có Inverter\r\nCông suất làm lạnh:2 HP – 18.000 BTU\r\nPhạm vi làm lạnh hiệu quả:Từ 20 – 30 m2\r\nChất liệu dàn tản nhiệt:	Ống dẫn gas bằng Đồng – Lá tản nhiệt bằng Nhôm\r\nLọc bụi, kháng khuẩn, khử mùi:Bộ lọc Copper Anti-bacteria Filter\r\nTiện ích:Tự động làm sạch\r\nThông báo làm sạch màn lọc: Chỉnh giờ 24h\r\nTự động khởi động\r\nChức năng khử ẩm\r\nHẹn giờ bật tắt máy\r\nMàn hình hiển thị nhiệt độ:	Có\r\nCông nghệ làm lạnh nhanh:	Fast Cooling\r\nCông suất tiêu thụ điện:	1.77 kW/h\r\nNhãn năng lượng:	5 sao \r\nĐộ ồn trung bình:	Đang cập nhật\r\nChế độ gió:	Tuỳ chỉnh điều khiển lên xuống\r\nKích thước ống đồng:	6/12\r\nCấp nguồn dàn:	Dàn nóng\r\nSố lượng kết nối dàn lạnh tối đa:	1\r\nLoại Gas:	R-32\r\nKích thước – Khối lượng dàn lạnh:	29.9 x 88.9 x 21.5 cm – 9.9 Kg\r\nKích thước – Khối lượng dàn nóng:	54.8 x 72 x 26.5 cm – 27.5 Kg\r\nThời gian bảo hành cục lạnh:	1 năm\r\nThời gian bảo hành cục nóng:	Đang cập nhật\r\nNơi sản xuất:	Thái Lan\r\nNăm ra mắt:	2023.'),
                                                                                                                                                                                                                       (9, 1, b'0', 3, 1000, 12, 14000000, 10490000, '[]', 'Máy lạnh Daikin Inverter 1.5 HP FTKB35XVMV', 'Việt Nam', NULL, 'Dàn lạnh:\r\n\r\nĐiều hòa Daikin FTKB35XVMV mang sắc trắng trang nhã, thiết kế tuy đơn giản nhưng lại vô cùng tinh tế giúp bạn có thể dễ dàng kết hợp với hầu hết các không gian nội thất hiện nay.\r\n\r\nĐiều hòa Daikin có thiết kế nhỏ gọn\r\n\r\nDàn nóng:\r\n\r\nDàn nóng của máy điều hòa Daikin 2023 có thiết kế nhỏ gọn nên có thể dễ dàng lắp đặt ngay cả những vị trí khó như bên ngoài trời.\r\n\r\nỐng dẫn môi chất lạnh được làm bằng đồng nên có khả năng trao đổi nhiệt cao, từ đó sẽ mang đến khả năng làm lạnh nhanh cũng như tiết kiệm điện năng hơn cho sản phẩm.\r\n\r\nHệ thống các lá tản nhiệt bằng nhôm được phủ 2 lớp tĩnh điện là lớp nhựa acrylic và lớp chống thấm nước sẽ giúp ngăn chặn sự ăn mòn của các tác nhân thời tiết để nâng cao tuổi thọ cho sản phẩm.\r\n\r\nNgoài ra, chiếc điều hòa Daikin inverter này có được tích hợp môi chất lạnh thế hệ mới R32 với rất nhiều ưu điểm nổi bật như: Làm lạnh nhanh, hơi lạnh giữ lâu hơn và tiết kiệm điện năng hơn.\r\n\r\nCông nghệ làm lạnh của điều hòa Daikin 12000BTU\r\nChiếc điều hòa Daikin này được trang bị công suất làm lạnh lên đến 12000BTU nên sẽ có khả năng làm mát cho các căn phòng có diện tích từ 15 – 20m2 (từ 800 – 100m3).\r\n\r\nĐiều hòa Daikin làm lạnh nhanh\r\n\r\nKhi kích hoạt chế độ Power Full trên điều khiển, điều hòa Daikin sẽ điều chỉnh để máy nén và quạt dàn lạnh hoạt động với công suất cao nhất. Nhờ vậy, mà sẽ mang đến cảm giác mát lạnh gần như là tức thì cho người sử dụng.\r\n\r\nĐiều hòa Daikin FTKB35XVMV bảo vệ sức khỏe với các công nghệ lọc không khí\r\nPhin lọc Enzym Blue trên máy điều hòa Daikin inverter có tác dụngkhử mùi, loại bỏ các tác nhân gây dị ứng có trong không khí.\r\n\r\nPhin lọc Enzyme Blue \r\n\r\nPhin lọc PM2.5 sẽ giúp điều hòa lọc sạch các hạt bụi bẩn có kích thước nhỏ (kể cả bụi PM 2.5). Mang đến cho ngừi sử dụng bầu không khí trong lành, có lợi cho sức khỏe.\r\n\r\nChức năng chống ẩm mốc\r\nKhi các bạn kích hoạt chức năng chống ẩm mốc trên điều khiển thì quạt dàn lạnh của máy vẫn sẽ hoạt động thêm 10 – 15 phút sau khi máy ngừng hoạt động. Điều này là để hong khô toàn bồ bề mặt của dàn tản nhiệt. Giúp cho bề mặt của dàn tản nhiệt luôn khô ráo, hạn chế tích tụ bụi bẩn cũng như sự phát triển của các vi khuẩn gây hại.\r\n\r\nCông nghệ tiết kiệm điện của điều hòa Daikin FTKB35XVMV\r\nCông nghệ tiết kiệm điện inverter không những giúp máy điều hòa Daikin có thể duy trì nhiệt độ ổn định, vận hành êm dịu mà còn giúp máy có thể tiết kiệm điện từ 30 – 45% so với các dòng máy điều hòa thông thường. Chính vì vậy mà sản phẩm đã được dán taem năng lượng 5 sao của bộ công thương.\r\n\r\nCông nghệ inverter\r\n\r\nLưu ý: Số sao càng lớn thì độ tiết kiệm điện sẽ càng cao (số sao lớn nhất hiện tại là 5).\r\n\r\nĐa dạng tiện ích sử dụng\r\nChế độ hẹn giờ bật/tắt:  Giúp người dùng có thể tùy ý điều chỉnh hoạt động của điều hòa theo nhu cầu của mình. Nhờ vậy mà sẽ hạn chế được tình trạng hao phí điện năng không cần thiết.\r\n\r\nChế độ hút ẩm của điều hòa Daikin có tác dụng hút bớt độ ẩm trong căn phòng, xua tan đi cảm giác khó chịu vì căn phòng luôn ướt nhẹt mỗi khi trời mưa hay nồm.\r\n\r\nChế độ tự khởi động lại sau khi có điện giúp máy có thể thiết lập lại các thông số như: chế độ, nhiệt độ… mà không cần đến sự can thiệp của người dùng.\r\n\r\nChế độ Quiet giúp giảm thiểu tiếng ồn trong quá trình vận hành. Mang đến không gian yên tĩnh cho người dùng.', 'Model:	FTKB35XVMV\r\nLoại điều hòa:	1 chiều\r\nCông suất:	12000 btu\r\nCông nghệ Inverter:	Có\r\nLọc khí:	Enzyme Blue, PM2.5(tùy chọn)\r\nMôi chất lạnh:	R32\r\nĐiện năng tiêu thụ (tối thiểu – tối đa):	995 (200 – 1,150) W\r\nCSPF:	5.21\r\nKích thước dàn lạnh(C x R x D):	285 x 770 x 242 mm\r\nTrọng lượng dàn lạnh:	8 kg\r\nKích thước dàn nóng(C x R x D):	550 × 675 × 284 mm\r\nTrọng lượng dàn nóng:	22 kg\r\nKích thước đường ống(Lỏng/Hơi):	ø6.4/ø9.5 mm\r\nHãng sản xuất:	Daikin\r\nXuất xứ:	Chính hãng Việt Nam\r\nBảo hành:	Máy 1 năm, máy nén 5 năm'),
                                                                                                                                                                                                                       (10, 1, b'0', 4, 1000, 36, 11990000, 9090000, '[]', 'Máy lạnh Casper 2.0 HP SC-18FS32', 'Thái Lan', NULL, 'Điều hòa Casper KC-18FC32 là dòng điều hòa LA-CASPER non-inverter Series mới nhất 2021 của Casper với nhiều tính năng mới nổi bật. Có thể kể đến như: hiển thị nhiệt độ dàn lạnh tiện dụng, Làm lạnh nhanh trong 30s; Công nghệ “Follow Me” điều khiển nhiệt độ thông minh, làm sạch Self Cleaning…\r\n\r\n\r\nTính năng nổi bật điều hòa Casper SC-18FS32 18000BTU 1 chiều\r\nThiết kế sang trọng và hiện đại, tiết kiệm điện năng\r\nĐiều hòa Casper Casper SC-18FS32 có thiết kế sang trọng hiện đại mới ra mắt năm 2021 đi đôi với màu trắng tinh tế có thể lắp đặt ở mọi vị trí trong căn nhà của bạn. Dàn lạnh hiện thị nhiệt độ phòng hết sức tiện lợi sẽ giúp bạn dễ dàng lựa chọn cài đặt sao cho phù hợp nhất. Công suất 12 000btu sẽ thích hợp sử dụng phù hợp nhất cho những căn phòng có diện tích nhỏ dưới 15-20m2\r\n\r\n\r\nLàm lạnh nhanh – mát lạnh tức thì trong 30s\r\nBạn sẽ được tận hưởng không gian yên tĩnh và thỏa mái nhất vì động cơ của điều hòa Casper 18000 SC-18FS32 vận hành hết sức êm ái, không mang lại tiếng ồn. Không những vậy dòng điều hòa này còn được trang bị máy nén với khả năng làm lạnh nhanh chóng tức thì trong 30s. Căn phòng của bạn sẽ phủ một làn không khí sảng khoái mát lạnh ngay sau khi máy được khởi động.\r\n\r\nDàn tản nhiệt làm bằng đồng và được mạ vàng\r\nĐiều hòa Casper SC-18FS32 với dàn tản nhiệt làm bằng đồng và được mạ vàng với những ưu điểm vượt trội:\r\n\r\nTăng hiệu năng làm lạnh\r\nTăng tuổi thọ dàn nóng, ngăn ngừa sự bào mòn từ tác nhân bên ngoài như mưa, nước, muối… đặc biệt hiệu quả với khí hậu nóng ẩm của Việt Nam.\r\n\r\nTính năng Follow Me – Tự điều chỉnh nhiệt độ tối ưu\r\nTính năng Follow Me trên điều hòa Casper SC-18FS32 – được gắn bộ phận cảm biến nhiệt có thể tự động cảm biến nhiệt độ, tùy chỉnh nhiệt độ phòng theo nhiệt độ cơ thể, giúp người dùng thoải mái tận hưởng luồng khí trong mát mà không lo bị nóng quá hoặc lạnh quá\r\n\r\nCông nghệ tự làm sạch Self Clean\r\nĐiều hòa Casper SC-18FS32 tích hợp công nghệ tự làm sạch Self Clean giúp vệ sinh hệ thống điều hòa không còn là nỗi lo. Công nghệ Self Cleaning giúp loại bỏ bụi bẩn bám dính trên bề mặt máy, giúp làm duy trì hiệu quả làm lạnh, hạn chế vi khuẩn phát triển, bảo vệ sức khỏe gia đình bạn\r\n\r\n\r\nĐiều hòa Casper SC-18FS32 sử dụng gas lạnh R32 tiên tiến nhất\r\nR32 là dòng Gas mới nhất với hiệu suất làm lạnh cao. Giúp tiết kiệm điện năng. Đồng thời R32 cũng là dòng gas thân thiện với môi trường. Bởi nó không phá hủy tầng ozon, và có hiệu ứng làm nóng trái đắt rất thấp.\r\n\r\nBảo hành 3 năm, máy nén 5 năm, 1 đổi 1 trong 2 năm\r\nĐiều hòa Casper SC-18FS32 bảo hành 3 năm, 5 năm cho máy nén và 1 đổi 1 trong 2 năm đầu. Chính sách bảo hành ưu đãi sẽ mang đến cho bạn sự an tâm khi sử dụng. Casper đã xây dựng hàng trăm trạm bảo hành phủ rộng khắp cả nước. Đội ngũ nhân viên kỹ thuật cao sẽ cung cấp dịch vụ bảo hành chu đáo.', 'Model	SC-18FS32\r\nLoại	Điều hòa 1 chiều\r\nCông suất	18.000 BTU\r\nDiện tích phòng phù hợp	~20 – 30m2\r\nXuất xứ	Chính hãng Thái Lan\r\nBảo hành: 3 năm'),
                                                                                                                                                                                                                       (2, 1, b'0', 5, 1000, 24, 28990000, 20690000, '[]', 'Máy lạnh Toshiba Inverter 2.5 HP RAS-H24E2KCVG-V', 'Thái Lan', NULL, 'Thiết kế nguyên khối 2021 hiện đại, màu trắng sang trọng\r\nMáy lạnh Toshiba Inverter 2.5 HP RAS-H24E2KCVG-V sở hữu đường nét sắc sảo mạnh mẽ xu hướng mới 2021, gam màu trắng trẻ trung, sang trọng sẽ làm nổi bật không gian nội thất nhà bạn. Với thiết kế nguyên khối, cùng bề mặt phẳng tuyệt đối, không vết nối, hạn chế bám bẩn và dễ dàng vệ sinh, tháo lắp. Đi kèm công suất làm lạnh mạnh mẽ 2.0 HP, máy lạnh Toshiba phù hợp cho không gian phòng 20 – 30 m2.\r\n\r\n\r\nGiữ dàn lành sạch sẽ, giảm chi phí bảo trì với công nghệ độc quyền Magic Coil\r\nMáy lạnh Toshiba Inverter sở hữu lớp phủ đặc biệt Magic Coil giúp ngăn chặn, không cho bụi bẩn, vi khuẩn bám trên bề mặt ngoài của dàn lạnh. Từ đây, dàn lạnh luôn được sạch sẽ, tiết kiệm nhiều thời gian, chi phí để làm vệ sinh mà vẫn đảm bảo chất lượng không khí thổi ra được mát và trong lành hơn.\r\n\r\n\r\nTiết kiệm điện năng tối ưu với công nghệ Hybrid Inverter\r\nBiến tần là biến đổi dòng điện xoay chiều ở tần số này thành dòng điện xoay chiều ở tần số khác có thể điều chỉnh được. Vì thế, công nghệ Hybrid Inverter có khả năng thay đổi công suất nguồn điện của máy sao cho phù hợp nhất nhằm tiết kiệm năng lượng, đồng thời vẫn đạt hiệu quả làm việc cao nhất. Công nghệ này còn đảm bảo nhiệt độ phòng luôn ổn định, thời gian làm lạnh nhanh, vận hành êm ái.\r\n\r\n\r\nEco giúp tiết kiệm điện năng đến 25%\r\nKhi kích hoạt chế độ Eco, máy sẽ tự động tăng 1 độ C sau một giờ đầu tiên và tăng tối đa 2 độ C cho đến khi tắt máy, giúp cho người dùng không bị cảm giác quá lạnh, tiết kiệm điện năng đến 25%.\r\n\r\n\r\nThiết kế cánh đảo gió Hada Care bảo vệ làn da\r\nToshiba thiết kế cánh đảo gió Hada Care cho máy giúp hơi lạnh thổi hướng lên cao và xa hơn để làm mát không gian rộng lớn hơn, đều hơn cũng như tránh hơi lạnh thổi trực tiếp vào làn da. Mang đến cảm giác dễ chịu và dưỡng ẩm cho da khi ở trong phòng máy lạnh.\r\n\r\n\r\nLoại bỏ mùi hôi, tiêu diệt vi khuẩn với công nghệ tinh lọc không khí IAQ và lưới lọc chống nấm mốc\r\nCông nghệ tinh lọc không khí IAQ bao gồm tác nhân Leuconostoc enzyme và tinh thể bạc Ag+ và cả màng lọc bụi PM2.5 giúp loại bỏ mùi hôi khó chịu, bụi bẩn và tiêu diệt vi khuẩn, đem đến nguồn không khí trong lành, đảm bảo sức khỏe cho người dùng.\r\n\r\n\r\nBên cạnh đó, máy lạnh còn tích hợp lưới lọc chống nấm mốc có tác dụng lọc bụi, loại bỏ vi khuẩn và nấm mốc, giúp không gian phòng của bạn luôn sạch sẽ và tươi mát, bảo vệ sức khỏe cho cả gia đình. Lưới lọc có thể tháo ra dễ dàng, tiện lợi trong việc vệ sinh máy.\r\n\r\nTăng cường tuổi thọ của máy lạnh với chức năng tự làm sạch\r\nChức năng tự làm sạch trên máy lạnh Toshiba sẽ bắt đầu hoạt động trong 20 phút sau khi tắt máy để hong khô khí ẩm còn lại bên trong các ống đồng giúp giảm thiểu sự hình thành vi khuẩn, nấm mốc, góp phần tăng cường tuổi thọ của máy.\r\n\r\nChế độ làm lạnh nhanh Hi Power cho cảm giác mát lạnh tức thì\r\nVới chế độ làm lạnh nhanh Hi Power, máy lạnh sẽ tự động điều chỉnh nhiệt độ phòng và luồng khí để bạn tận hưởng bầu không khí mát lạnh gần như tức thì sau một ngày lao động mệt mỏi.\r\n\r\nTiện lợi hơn với chức năng tự khởi động lại khi có điện\r\nKhi cúp điện đột ngột, máy lạnh sẽ tự động ghi nhớ các cài đặt hiện tại như nhiệt độ, hướng gió… Khi có điện lại, máy sẽ tự thiết lập lại các thông số đã ghi nhớ trước đó.', 'Công suất Làm lạnh (BTU)\r\n22.500 BTU\r\nCông suất lạnh (HP)\r\n2.5 Hp\r\nInverter-Tiết kiệm điện\r\nCó\r\nThể tích phòng sử dụng\r\nTừ 30 – 40m² (từ 80 đến 120m³)\r\nNhãn năng lượng tiết kiệm điện:\r\n5 sao (Hiệu suất năng lượng 6.06)\r\nHướng không khí\r\nLên/Xuống: Có\r\nBộ lọc khử mùi\r\nLưới lọc chống nấm mốc, Công nghệ Plasma ion diệt khuẩn\r\nCông suất tiêu thụ trung bình:\r\n1.57 kW/h\r\nNguồn điện\r\n220V/50Hz\r\nTiện ích:\r\nCông nghệ lọc không khí Plasma ion, Công nghệ diệt khuẩn IAQ, Bộ lọc chống nấm mốc, Công nghệ chống bám bẩn Magic Coil , Chức năng tự làm sạch, Bảo vệ da Hada Care, Chế độ hoạt động ban đêm/Confort Sleep, Chế độ làm lạnh nhanh/Hi Power, Tự động khởi động lại…\r\nLàm lạnh nhanh\r\nHi Power\r\nBật/tắt tiếng bíp\r\nCó\r\nChế độ quạt\r\nTự động hoặc chỉnh tay\r\nLoại gas\r\nR-32\r\nKính thước dàn lạnh\r\nC x R x S: 320 x 1050 x 250mm\r\nKích thước dàn nóng\r\nC x R x S: 550 x 780 x 290mm\r\nTrọng lượng dàn lạnh (Kg)\r\n14 Kg\r\nTrọng lượng dàn nóng(Kg)\r\n34 Kg\r\nHãng sản xuất\r\nToshiba\r\nBảo hành\r\n24 tháng\r\nNăm ra mắt:\r\n2021\r\nChiều dài lắp đặt ống đồng\r\nTối thiểu 3 m'),
                                                                                                                                                                                                                       (5, 3, b'0', 6, 1000, 24, 20500000, 13890000, '[]', 'Tủ lạnh Samsung Inverter 488 lít RF48A4000B4/SV', 'Trung Quốc', NULL, 'Thiết kế tủ Multidoor hiện đại\r\nTủ lạnh Samsung Inverter được thiết kế nhiều cửa nên tiện lợi khi sử dụng. Đặc biệt làm cho không gian trở nên hiện đại hơn.\r\n\r\n\r\n* Hình ảnh mang tính chất minh họa\r\n\r\nHai dàn lạnh độc lập Twin cooling Plus làm lạnh giữ thực phẩm luôn tươi ngon\r\nTrong quá trình hoạt động, 2 dàn lạnh hoạt động độc lập Twin cooling Plus sẽ lần lượt làm lạnh toàn bộ ngăn của tủ, không cho các ngăn ảnh hưởng mùi lẫn nhau. Nhờ đó mà thực phẩm luôn tươi ngon và đủ dưỡng chất.\r\n\r\n\r\n* Hình ảnh mang tính chất minh họa\r\n\r\nThực phẩm được bảo quản với ngăn rau quả giữ ẩm\r\nTủ lạnh Samsung nhờ ngăn rau củ cân bằng độ ẩm, sẽ giúp giữ độ ẩm phù hợp lượng thực phẩm có bên trong làm thực phẩm luôn tươi ngon, mọng nước.\r\n\r\n\r\n* Hình ảnh mang tính chất minh họa\r\n\r\nBảng điều khiển bên ngoài tiện lợi\r\nVới thiết kế có bảng điều khiển bên ngoài, người dùng có thể điều chỉnh nhiệt độ tiện lợi hơn mà không cần mở cánh tủ, tránh thất thoát nhiệt độ ra bên ngoài.\r\n\r\n\r\n* Hình ảnh mang tính chất minh họa\r\n\r\nCông nghệ Digital Inverter điều chỉnh nhiệt độ, tiết kiệm điện hiệu quả\r\nTủ lạnh Samsung Inverter 488 lít RF48A4000B4/SV được trang bị công nghệ Digital Inverter nên có thể tự điều chỉnh nhiệt độ phù hợp với lượng thực phẩm bên trong. Ngoài ra, tiêu tổn ít điện năng, giúp tủ lạnh hoạt động êm ái và bền lâu.\r\n\r\n\r\n* Hình ảnh mang tính chất minh họa\r\n\r\nDung tích 488 lít chứa được nhiều thực phẩm phù hợp gia đình 4 – 5 người\r\nSản phẩm có ngăn đá 159 lít và ngăn lạnh 329 lít nên bạn có nhiều không gian để được nhiều loại thực phẩm, phù hợp cho gia đình có từ 4 – 5 thành viên.\r\n\r\n\r\n* Hình ảnh mang tính chất minh họa\r\n\r\nThép không gỉ bền bỉ với thời gian\r\nTủ lạnh được sản xuất với chất liệu thép không gỉ, không chỉ làm cho sản phẩm phẩm thêm sang trọng mà giúp nâng cao tuổi thọ trước tác động từ môi trường.\r\n\r\n\r\n* Hình ảnh mang tính chất minh họa\r\n\r\nSamsung Inverter 488 lít RF48A4000B4/SV một sản phẩm với nhiều tính năng ưu việt để cuộc sống trở nên hiện đại và tiện nghi hơn. Sản phẩm sẽ phục vụ tốt cho khách hàng bởi khả năng làm lạnh nhanh, tiết kiệm điện, lấy nước bên ngoài,… giúp thực phẩm được bảo quản tốt và tiện lợi cho người dùng. Đây chắc chắn là lựa chọn giành cho gia đình để cuộc sống thêm hiện đại.', 'Dung tích sử dụng :	 488 lít\r\nSố người sử dụng :	 Trên 5 người\r\nDung tích ngăn đá :	 159 lít\r\nDung tích ngăn lạnh :	 329 lít\r\nInverter tiết kiệm điện :	 Tủ lạnh Inverter\r\nCông nghệ làm lạnh :	 2 dàn lạnh riêng biệt (Twin Cooling Plus™)\r\nCông nghệ kháng khuẩn, khử mùi :	 Bộ lọc khử mùi than hoạt tính\r\nCông nghệ bảo quản thực phẩm :	 Ngăn rau củ Fresh Zone\r\nTiện ích :	 Khay đá xoay di động\r\nChất liệu khay ngăn :	 Khay kính chịu lực\r\nKích thước – Khối lượng :	 Chiều rộng 833 mm x Chiều cao 1793 mm x Chiều sâu 740 mm\r\nĐèn chiếu sáng :	 Đèn LED\r\nNăm sản xuất :	 2021'),
                                                                                                                                                                                                                       (1, 3, b'0', 7, 1000, 24, 11400000, 7990000, '[]', 'Tủ lạnh LG Inverter 315 lít GN-D315BL', 'Indonesia', NULL, 'Thiết kế nhỏ gọn, kiểu dáng sang trọng\r\nTủ lạnh LG Inverter 315 lít GN-D315BL là dòng tủ lạnh ngăn đá trên đời mới của LG, sở hữu thiết kế nhỏ gọn, cùng thiết kế khá đơn giản không quá nhiều chi tiết phía trước, nhưng vẫn toát lên vẻ sang trọng với tay cần thiết kế dạng ẩn, cùng tông màu cá tính phù hợp với mọi không gian nội thất nhà bạn.\r\n\r\n\r\nTrang bị ngăn lấy nước bên ngoài tiện lợi\r\nĐể giúp bạn có thể giải khát nhanh chóng trong những ngày nắng nóng, hãng đã trang bị thêm cho chiếc tủ lạnh này hộc lấy nước lạnh bên ngoài, giúp bạn không phải mở tủ thường xuyên gây mất nhiệt, vừa tiện lợi và tiết kiệm hiệu quả.\r\n\r\n\r\nDung tích 315 lít, phù hợp cho gia đình 3 – 4 người sử dụng\r\nChiếc tủ lạnh 2 cửa này sở hữu dung tích 315 lít, với dung tích ngăn đá 71 lít và ngăn lạnh là 244 lít, cùng với cách sắp xếp ngăn kệ hợp lý và khoa học sẽ cho bạn thêm nhiều không gian hơn để bảo quản thực phẩm. Đây sẽ là sự lựa chọn phù hợp dành cho gia đình có 3 – 4 thành viên.\r\n\r\n\r\nCông nghệ Inverter tiết kiệm điện, vận hành ổn định êm ái\r\nThuộc dòng tủ lạnh Inverter, nên chiếc tủ lạnh LG này sẽ giúp cho bạn tiết kiệm điện cực kỳ hiệu quả, qua đó giảm bớt đi gánh nặng tiền điện hàng tháng cho bạn. Hơn nữa, công nghệ Inverter này còn mang đến khả năng vận hành vô cùng êm ái, làm lạnh nhanh và bền bỉ theo thời gian.\r\n\r\n\r\nLàm lạnh đồng đều cho thực phẩm với hệ thống khí lạnh đa chiều\r\nVới hệ thống này thực phẩm sẽ được làm lạnh nhanh và bảo quản lạnh đồng đều hơn. Các luồng khí lạnh sẽ được thổi ra từ nhiều cửa thoát hơi lạnh hơn, lan tỏa đều khắp nơi trong tủ lạnh, đảm bảo thực phẩm của bạn luôn được tươi ngon và tròn vị.\r\n\r\n\r\nKhử mùi Nano Carbon cho không khí trong tủ luôn trong lành\r\nCông nghệ khử mùi Nano Carbon của chiếc tủ lạnh LG Inverter này có khả năng kháng khuẩn và khử mùi cực mạnh, loại bỏ các mùi hôi khó chịu, nấm mốc và vi khuẩn gây hại nhờ các hạt Carbon dạng nano. Qua đó, giúp thực phẩm luôn được tươi ngon, tròn vị và bảo vệ cho sức khỏe gia đình bạn.\r\n\r\n\r\nLàm lạnh nhanh và đều với công nghệ DoorCooling+ làm lạnh từ cánh cửa\r\nCông nghệ làm lạnh cửa tủ DoorCooling+ giúp cho nhiệt độ bên trong tủ được  đều hơn và làm mát nhanh hơn 35% so với hệ thống làm mát thông thường. Thêm vào đó, công nghệ này còn giúp làm giảm đáng kể sự chênh lệch nhiệt độ, hạn chế tình trạng mất nhiệt bên trong tủ để bảo quản tốt hơn cho thực phẩm.\r\n\r\n\r\nBảo quản rau củ tươi ngon trong thời gian dài với ngăn cân bằng độ ẩm\r\nNgăn cân bằng độ ẩm lưới mắt cáo sẽ giúp bạn bảo quản cho rau củ quả tươi ngon lâu hơn, mà vẫn giữ được nguyên hàm lượng chất dinh dưỡng như ban đầu. Đó là nhờ vào khả năng hấp thu hơi ẩm từ thực phẩm, thay đổi độ ẩm trong ngăn chứa vô cùng hợp lý, phù hợp nhất để bảo quản rau củ.\r\n\r\n\r\nChức năng chẩn đoán thông minh – Smart Diagnosis tiết kiệm chi phí bảo dưỡng\r\nNgoài ra, tủ còn được tích hợp công nghệ chẩn đoán thông minh, máy sẽ tự động thông báo khi có lỗi xảy ra với tủ lạnh của bạn, giúp bạn tiết kiệm thời gian và chi phí sửa chữa bảo dưỡng, đảm bảo an toàn cho chính bạn trong quá trình sử dụng.\r\n\r\n\r\nHộp đá di động, dễ dàng tháo rời di chuyển\r\nHộp đá của tủ lạnh được thiết kế cho phép bạn có thể tháo rời, khi cần thêm không gian để bảo quản thực phẩm, cũng như dễ dàng hơn cho bạn trong quá trình vệ sinh tủ.\r\n\r\n\r\nTóm lại, với mức giá khá phù hợp, kèm theo đó là các chức năng hiện đại, tiện ích sẽ hỗ trợ cho bạn tốt trong quá trình sử dụng hàng ngày, tủ lạnh LG Inverter 315 lít GN-D315BL chắc chắn sẽ là lựa chọn hợp lý dành cho những gia đình từ 3 – 4 thành viên.', 'Model:	GN-D315BL\r\nMàu sắc:	Đen\r\nNhà sản xuất:	LG\r\nXuất xứ:	Indonesia\r\nNăm ra mắt :	2019\r\nThời gian bảo hành:	24 Tháng\r\nĐịa điểm bảo hành:	Toàn Quốc\r\nKiểu tủ lạnh:	Ngăn đá trên\r\nSố cửa tủ:	2 cửa\r\nDung tích tủ lạnh:	315\r\nDung tích ngăn đá:	71 lít\r\nDung tích ngăn lạnh:	244 lít\r\nChất liệu khay:	Kính chịu lực\r\nCông nghệ làm lạnh:	Làm lạnh đa chiều\r\nKháng khuẩn / Khử mùi:	Khử mùi Nano Carbon\r\nCông nghệ Inverter:	Có\r\nChất liệu bên ngoài:	Thép không gỉ\r\nLấy nước bên ngoài:	Có\r\nKhối lượng sản phẩm (kg):	53 kg\r\nKích thước sản phẩm:	600 x 1700 x 652 mm'),
                                                                                                                                                                                                                       (3, 3, b'0', 8, 1000, 24, 23790000, 17990000, '[]', 'Tủ lạnh Panasonic 417 lít NR-BX471GPKV', 'Việt Nam', NULL, 'Bảo quản thực phẩm tươi ngon lên đến 7 ngày với ngăn cấp đông mềm Prime Fresh+\r\nTủ lạnh Panasonic Inverter 417 lít NR-BX471GPKV trang bị ngăn đông mềm Frime Fresh+ bảo quản thực phẩm nhờ một lớp đông nhẹ trên bề mặt thực phẩm ở mức nhiệt độ -3 độ C. Nhờ đó, giữ trọn chất dinh dưỡng, hương vị tươi ngon của thực phẩm và không phải mất thời gian rã đông trước khi chế biến.\r\n\r\nBên cạnh đó, với khả năng cấp đông nhanh gấp 4 lần, giảm tốc độ oxi hóa thực phẩm lên đến 20%, ngăn đông mềm có thể bảo quản thực phẩm lên đến 7 ngày.\r\n\r\nTủ lạnh Panasonic Inverter 417 lít NR-BX471GPKV - ngăn cấp đông mềm \r\n\r\nLấy nước uống tiện lợi, an toàn với khay lấy nước ngoài kháng khuẩn, khử mùi\r\nKhay lấy nước ngoài với dung tích 3 lít, sử dụng chất liệu nhựa pha kẽm kháng khuẩn với miếng lọc carbon khử mùi mang đến cho bạn những ly nước mát lạnh, an toàn cho sức khỏe.\r\n\r\nTủ lạnh Panasonic Inverter 417 lít NR-BX471GPKV - lấy nước ngoài \r\n\r\nBên cạnh đó, ngăn lấy nước ngoài này còn làm bằng vật liệu không chứa chất BPA gây ung thư nên an toàn khi sử dụng được chứng nhận bởi tổ chức quốc tế TÜV Rheinland có trụ sở chính tại Đức.\r\n\r\nChứng nhận ngăn lấy nước không chứa BA \r\n\r\nTiết kiệm điện năng, vận hành êm ái, bền bỉ với công nghệ Inverter\r\nNhờ công nghệ máy nén Inverter, tủ lạnh Panasonic không chỉ hoạt động êm ái, bền bỉ mà còn đảm bảo khả năng tiết kiệm điện năng hiệu quả trong quá trình vận hành.\r\n\r\nTủ lạnh Panasonic Inverter 417 lít NR-BX471GPKV - Inverter \r\n\r\nTiết kiệm điện năng vượt trội với cảm biến Econavi\r\nTủ lạnh Panasonic trang bị cảm biến Econavi có khả năng nhận biết thói quen, nhiệt độ môi trường bên trong, bên ngoài, từ đó điều chỉnh nhiệt độ thích hợp để bảo quản thực phẩm và nâng cao hiệu quả tiết kiệm điện năng.\r\n\r\nTủ lạnh Panasonic Inverter 417 lít NR-BX471GPKV - Econavi \r\n\r\nKháng khuẩn, khử mùi hiệu quả với công nghệ kháng khuẩn Ag Clean với tinh thể Ag+\r\nTủ lạnh Inverter trang bị công nghệ kháng khuẩn Ag Clean sử dụng tinh thể bạc Ag+ với khả năng kháng khuẩn, khử mùi hôi khó chịu giữ không gian thoáng mát cho tủ lạnh.\r\n\r\nTủ lạnh Panasonic Inverter 417 lít NR-BX471GPKV - Công nghệ Ag clean \r\n\r\nHơi lạnh lan tỏa đều khắp tủ với công nghệ làm lạnh đa chiều Panorama\r\nCông nghệ làm lạnh đa chiều Panorama đưa luồng khí lạnh di chuyển nhanh chóng đến mọi ngóc ngách tủ lạnh, nhờ đó thực phẩm được làm lạnh toàn diện, tránh tình trạng hư hỏng thực phẩm.\r\n\r\nTủ lạnh Panasonic Inverter 417 lít NR-BX471GPKV - công nghệ làm lạnh đa chiều Panorama \r\n\r\nDung tích lớn 417 lít phù hợp với gia đình có từ 4 – 5 người\r\nTủ lạnh ngăn đá dưới sở hữu ngăn đá dung tích 112 lít, ngăn mát 305 lít phù hợp với những gia đình có từ 4 – 5 người đáp ứng mọi nhu cầu lưu trữ thực phẩm của gia đình bạn.\r\n\r\nTủ lạnh Panasonic Inverter 417 lít NR-BX471GPKV - dung tích 471L \r\n\r\nThiết kế sang trọng, bền bỉ với cửa tủ bằng thép không gỉ\r\nChiếc tủ lạnh lấy nước ngoài khoác lên vẻ ngoài sang trọng với gam màu đen đẹp mắt với chất liệu cửa tủ thép không gỉ phù hợp với nhiều không gian nội thất.\r\n\r\nCùng với đó, thiết kế ngăn đá dưới giúp người dùng có thể dễ dàng lấy thực phẩm trên ngăn lạnh mà không cần cúi thấp người gây ảnh hưởng sức khoẻ về lâu dài.', 'Kiểu tủ:\r\nNgăn đá dưới – 2 cánh\r\nDung tích tổng:\r\n465 lít\r\nDung tích sử dụng:\r\n417 lít – 4 – 5 người\r\nDung tích ngăn đá:\r\n112 lít\r\nDung tích ngăn chuyển đổi:\r\nKhông có\r\nDung tích ngăn lạnh:\r\n305 lít\r\nCông suất tiêu thụ công bố theo TCVN:\r\n~ 1.1 kW/ngày\r\nCông nghệ tiết kiệm điện:\r\nCảm biến thông minh Econavi\r\nInverter\r\nMulti Control\r\nCông nghệ làm lạnh:\r\nLàm lạnh vòng cung Panorama\r\nCông nghệ kháng khuẩn, khử mùi:\r\nCông nghệ kháng khuẩn Ag Clean với tinh thể bạc Ag+Lấy nước ngoài kháng khuẩn, khử mùi\r\nCông nghệ bảo quản thực phẩm:\r\nNgăn cấp đông mềm thế hệ mới Prime Fresh+\r\nTiện ích:\r\nBảng điều khiển bên ngoàiLấy nước bên ngoài\r\nChất liệu cửa tủ lạnh:\r\nThép không gỉ\r\nChất liệu khay ngăn lạnh:\r\nKính chịu lực\r\nKích thước tủ lạnh:\r\nCao 178 cm – Rộng 68.6 cm – Sâu 69.5 cm – Nặng 68 kg\r\nChất liệu ống dẫn gas, dàn lạnh:\r\nỐng dẫn gas bằng Đồng + Thép mạ kẽm. Chất liệu dàn lạnh bằng Nhôm\r\nNăm ra mắt:\r\n2021\r\nSản xuất tại:\r\nViệt Nam\r\nHãng:\r\nPanasonic.'),
                                                                                                                                                                                                                       (6, 3, b'0', 9, 1000, 24, 9959000, 7990000, '[]', 'Tủ lạnh Hitachi 290 lít R-H350PGV7(BBK)', 'Thái Lan', NULL, 'Siêu tiết kiệm điện\r\nTủ lạnh Hitachi 290 lít R-H350PGV7(BBK) trang bị máy nén Inverter hiệu suất cao, giúp siêu tiết kiệm điện, làm lạnh cực nhanh. Không cần ổn áp, hoạt động ổn định trong dãy điện áp 130V – 300V, giữ không khí lạnh thêm 12 giờ khi mất điện.\r\ntủ lạnh hitachi 290 lít r-h350pgv7 (bsl)\r\n\r\nCảm biến kép thông minh\r\nTủ lạnh Hitachi có hai cảm biến nhiệt Eco, một cho ngăn đá và một cho ngăn lạnh. Bộ đôi cảm biến nhận biết sự thay đổi nhiệt độ ở từng ngăn, cho phép duy trì nhiệt độ lý tưởng tại mọi thời điểm.\r\n\r\nTủ lạnh Hitachi 290 lít R-H350PGV7 (BBK) làm lạnh cực nhanh\r\nNgăn trữ chuyển đổi\r\nTủ lạnh cho phép dễ dàng điều chỉnh nhiệt độ bên trong ngăn bằng cách chuyển đổi giữa hai chế độ trữ rau quả và trữ sữa/thịt. Khay đá xoay và di chuyển được. Khay thủy tinh chịu lực.\r\n\r\ntủ lạnh hitachi 290 lít r-h350pgv7 (bsl)\r\n\r\nGiữ rau quả tươi ngon\r\nKhông gian lưu trữ rau quả kích cỡ lớn và giữ rau quả tươi ngon. Khi chọn chế độ lưu trữ rau quả ở Ngăn Trữ Chuyển Đổi, bạn sẽ có hai ngăn rau quả với không gian lưu trữ tăng thêm đáng kể.\r\n\r\ntủ lạnh hitachi 290 lít r-h350pgv7 (bsl)', 'Model:	R-H350PGV7(BBK)\r\nMàu sắc:	Đen\r\nNhà sản xuất:	Hitachi\r\nXuất xứ:	Thái Lan\r\nThời gian bảo hành:	24 Tháng\r\nĐịa điểm bảo hành:	Toàn Quốc\r\nKiểu tủ lạnh:	Ngăn đá trên\r\nSố cửa tủ:	2 cửa\r\nDung tích tủ lạnh:	290\r\nDung tích ngăn đá:	70 lít\r\nĐóng tuyết:	Không\r\nChất liệu khay:	Khay kính cường lực\r\nCông nghệ làm lạnh:	Cảm biến nhiệt độ Eco\r\nKháng khuẩn / Khử mùi:	Màng lọc Nano Titanium\r\nCông nghệ Inverter:	Có\r\nKích thước sản phẩm:	600 x 1.672 x 663 mm'),
                                                                                                                                                                                                                       (8, 3, b'0', 10, 1000, 24, 13990000, 10290000, '[]', 'Tủ lạnh Electrolux 335 lít EBB3742K-A', 'Thái Lan', NULL, 'Tổng quan thiết kế\r\n– Tủ lạnh Electrolux Inverter 335 Lít EBB3742K-A có ngăn đá dưới tiện lợi. Với 2 cánh cửa được làm từ kim loại phủ sơn, cùng gam màu bạc thời thượng, tủ lạnh có thể đặt tại nhà bếp hoặc phòng khách để tăng sự sang trọng cho những không gian hiện đại.\r\n\r\n– Dung tích 335 lít phù hợp cho những gia đình từ 3 – 4 thành viên. Đặc biệt, chiếc tủ này còn được trang bị ngăn lấy nước ngoài tiện lợi, nhanh chóng mà không cần phải mở cửa tủ.\r\n\r\nTủ lạnh Electrolux Inverter 335 Lít EBB3742K-A - Tổng quan thiết kế\r\n\r\nNgăn lạnh\r\n– Dung tích ngăn lạnh 250 lít.\r\n\r\n– Nhiều ngăn kệ được thiết kế trong tủ và bên trên cánh tủ làm tăng không gian lưu trữ thực phẩm.\r\n\r\n– Tủ lạnh có ngăn đông mềm giúp chế biến thực phẩm không cần rã đông, duy trì độ tươi ngon của thịt cá trong suốt 7 ngày với công nghệ TasteSeal -2°C, cùng với chất liệu của khay đựng được làm bằng kim loại cao cấp dễ dàng lau chùi, luôn đảm bảo vệ sinh an toàn thực phẩm.\r\n\r\nNgăn đá\r\n– Dung tích ngăn đá 85 lít.\r\n\r\n– Hộp đá xoay tiện dụng giúp dễ dàng lấy đá với thao tác vặn núm nhẹ là có thể lấy được những viên đá ở ngăn đựng phía dưới.\r\n\r\n– Thiết kế nhiều hộc riêng biệt ở ngăn đá, dễ dàng phân loại thực phẩm và tránh lẫn mùi khi bảo quản trong khoảng thời gian dài.\r\n\r\nTủ lạnh Electrolux Inverter 335 Lít EBB3742K-A - Ngăn đá và ngăn lạnh\r\n\r\nCông nghệ tiết kiệm điện\r\nTủ lạnh Electrolux ngăn đá dưới được trang bị công nghệ Inverter giúp tiết kiệm điện năng tối đa nhưng vẫn duy trì độ lạnh ổn định, vận hành êm ái, bền bỉ.\r\n\r\nTủ lạnh Electrolux Inverter 335 Lít EBB3742K-A - Công nghệ tiết kiệm điện\r\n\r\nCông nghệ làm lạnh\r\n– Hệ thống làm lạnh EvenTemp của tủ lạnh đảm bảo nhiệt độ đồng đều giữa các ngăn, giúp kéo dài thời gian bảo quản thực phẩm lâu hơn.\r\n\r\n– Ngăn rau củ quả khép kín và dung tích lớn, điều chỉnh độ ẩm tự động giúp hạn chế lẫn mùi và gia tăng thời gian bảo quản.\r\n\r\nTủ lạnh Electrolux Inverter 335 Lít EBB3742K-A - Công nghệ làm lạnh\r\n\r\nCông nghệ kháng khuẩn khử mùi\r\nBằng việc sử dụng bộ lọc than hoạt tính của công nghệ Taste Guard, tủ lạnh Electrolux Inverter 335 Lít EBB3742K-A có khả năng giảm sự hoạt động của vi khuẩn và loại bỏ mùi hôi từ thực phẩm đáng kể, giúp cho không khí bên trong tủ lạnh luôn sạch sẽ và không gây cảm giác khó chịu.\r\n\r\nTủ lạnh Electrolux Inverter 335 Lít EBB3742K-A - Công nghệ kháng khuẩn, khử mùi\r\n\r\nTóm lại, tủ lạnh Electrolux Inverter 335 Lít EBB3742K-A không chỉ sở hữu vẻ ngoài sang trọng, thời thượng mà còn được trang bị những công nghệ hiện đại như Inverter tiết kiệm điện, ngăn cấp đông mềm tiện lợi, công nghệ khử mùi Taste Guard,… Sản phẩm này sẽ là một sự lựa chọn đáng cân nhắc cho gia đình có 3 – 4 thành viên.', 'Điện áp	220\r\nDung tích ngăn đá	85\r\nDung tích ngăn lạnh	250\r\nDung tích tổng	335\r\nSố cửa	2\r\nCông nghệ Inverter	Có\r\nChất liệu khay ngăn	Khay kim loại\r\nKiểu tủ lạnh	Ngăn đá phía dưới\r\nXuất xứ	Thái Lan\r\nXuất xứ thương hiệu	Thụy Điển\r\nBảo hành	24 tháng\r\nTiện ích	Lấy nước bên ngoài'),
                                                                                                                                                                                                                       (7, 2, b'0', 11, 1000, 24, 10890000, 8790000, '[]', 'Máy giặt Aqua 13 KG AQW-FR130UHT(SS)', 'Trung Quốc', NULL, 'Tổng quan thiết kế\r\n– Kiểu dáng: máy giặt cửa trên.\r\n\r\n– Bảng điều khiển tiếng Việt dễ sử dụng và lựa chọn chương trình giặt. Đồng thời, bảng điều khiển được đặt phía sau giúp người dùng thao tác thuận tiện và dễ dàng hơn, hạn chế mỏi cổ.\r\n\r\n– Nắp máy làm từ kính chịu lực có khả năng giảm chấn mang lại sự bền bỉ, chắc chắn cho phần cửa máy giặt, hạn chế kẹt tay, an toàn cho gia đình có trẻ nhỏ.\r\n\r\n– Lồng giặt có thiết kế dạng hình gối (Pillow) với các lỗ thoát nước nhỏ chỉ 2.5 mm giúp các tia nước phun ra mạnh hơn, nâng cao hiệu quả giặt. Ngoài ra, lồng giặt làm từ chất liệu thép không gỉ mang lại sự bền bỉ, hạn chế mảng bám, gỉ sét bám bên trong lồng giặt.\r\n\r\nMáy giặt Aqua Inverter 13 kg AQW- DR130UGT S - Thiết kế\r\n\r\n*Hình ảnh chỉ mang tính chất minh họa\r\n\r\nKhối lượng giặt và chương trình giặt\r\n– Khối lượng giặt tối đa 13 kg, máy phù hợp sử dụng cho các gia đình đông thành viên với nhu cầu giặt giũ lớn (trên 7 thành viên), hoặc các gia đình có ít thành viên hơn nhưng nhu cầu giặt giũ cao, có thói quen để dồn quần áo giặt 1 lần trong tuần nhằm tiết kiệm điện nước.\r\n\r\n– 12 chương trình giặt giũ được tích hợp sẵn phù hợp với nhiều chất liệu quần áo khác nhau: Sợi cotton, đồ thể thao, chăn mền, đồ trẻ em, vải lụa,… (xem thêm tại bảng thông số kỹ thuật). Chương trình giặt đồ trẻ em sẽ có chu trình xả lâu và kỹ hơn nhầm loại bỏ hoàn toàn xà phòng khỏi quần áo, an toàn cho làn da nhạy cảm của trẻ nhỏ.\r\n\r\nMáy giặt Aqua Inverter 13 kg AQW- DR130UGT S - 12 chương trình giặt\r\n\r\n*Hình ảnh chỉ mang tính chất minh họa\r\n\r\nCông nghệ giặt đặc biệt\r\n– Công nghệ Self Cleaning trang bị các quả banh nhỏ đặc biệt bên ngoài lồng giặt, giúp loại bỏ các mảng bám và các tác nhân dị ứng bám bên ngoài lồng giặt trong lúc giặt. Giữ lồng giặt luôn sạch sẽ, tiết kiệm thời gian và công sức vệ sinh định kì.\r\n\r\n– Mâm giặt kháng khuẩn ABT được phun một lớp chất đặc biệt giúp máy giặt Aqua có khả năng kháng khuẩn và nấm mốc hiệu quả, giúp khu vực lồng giặt luôn sạch sẽ, ngăn chặn sự phát triển của vi khuẩn bám vào quần áo.\r\n\r\nMáy giặt Aqua Inverter 13 kg AQW- DR130UGT S - Công nghệ Self Cleaning\r\n\r\n*Hình ảnh chỉ mang tính chất minh họa\r\n\r\nMâm giặt kháng khuẩn ABT trên máy giặt Aqua được VDE công nhận có thể ngăn ngừa vi khuẩn, nấm mốc 99.99%.\r\n\r\nKết quả chứng nhận thử nghiệm công nghệ mâm giặt kháng khuẩn ABT\r\n\r\nVDE một trong những tổ chức công nghệ lớn nhất ở Châu Âu. Trụ sở chính của VDE (Hiệp hội Công nghệ Điện, Điện tử & Thông tin) đặt tại Frankfurt – Đức. VDE là tổ chức duy nhất trên thế giới kết hợp khoa học, tiêu chuẩn hóa, thử nghiệm, chứng nhận và tư vấn ứng dụng dưới cùng một quy trình. Chứng nhận VDE đồng nghĩa với các tiêu chuẩn an toàn cao nhất nhằm bảo vệ quyền lợi người tiêu dùng.\r\n\r\nTiện ích\r\n– Khóa trẻ em: khóa các phím chức năng, hạn chế các bé đùa nghịch, thao tác sai trên bảng điều khiển. Để kích hoạt tính năng, bạn nhấn và giữ đồng thời 2 phím “Chức năng” và “Hẹn giờ” trong khoảng 3 giây cho đến khi nghe 3 tiếng “bíp”, màn hình LED hiển thị “CL” và đèn báo “Khóa trẻ em” sáng lên.\r\n\r\n– Hẹn giờ giặt: giúp bạn chủ động thời gian giặt giũ của mình, phù hợp cho những người bận rộn. Khoảng thời gian cho tùy chọn “Hẹn giờ” là từ 0 đến 18 tiếng.\r\n\r\nMáy giặt Aqua Inverter 13 kg AQW- DR130UGT S - Tiện ích\r\n\r\n*Hình ảnh chỉ mang tính chất minh họa\r\n\r\nTóm lại, máy giặt Aqua Inverter 13 kg AQW- DR130UGT PS sẽ là sự lựa chọn thích hợp cho các gia đình có từ 7 thành viên trở lên nhờ sở hữu khối lượng giặt lớn và tích hợp sẵn 12 chương trình giặt giũ phù hợp với các loại vải khác nhau. Mâm giặt kháng khuẩn ABT sẽ giúp hạn chế vi khuẩn gây mùi hôi khó chịu bên trong lồng giặt.', 'Loại máy – Khối lượng lồng giặt:	Máy giặt 13 kg\r\nLoại lồng giặt:	Lồng đứng\r\nLoại máy giặt:	Cửa trên\r\nCông nghệ tiết kiệm điện:	DD Inverter\r\nSố người sử dụng:	Trên 7 người\r\nKiểu động cơ:	\r\nTruyền động gián tiếp\r\nCông nghệ giặt:	\r\nLồng giặt Pillow\r\n\r\nMâm giặt kháng khuẩn ABT\r\n\r\nSelf Cleaning tự vệ sinh mặt ngoài lồng giặt\r\n\r\nCông nghệ sấy:	Không có \r\nChương trình giặt:	12 chương trình\r\nTiện ích:	\r\nHẹn giờ giặt\r\n\r\nKhóa trẻ em\r\n\r\nTốc độ quay vắt tối đa:	Hãng không công bố\r\nChất liệu lồng giặt:	Thép không gỉ\r\nChất liệu vỏ máy:	Đang cập nhật\r\nChất liệu nắp máy:	Kính cường lực\r\nBảng điều khiển:	Tiếng việt\r\nKích thước – khối lượng sản phẩm:	Cao 103.5 cm – Ngang 59.5 cm – Sâu 60 cm – Nặng 50 kg\r\nCông suất tiêu thụ điện:	Đang cập nhật\r\nThời gian bảo hành Sản phẩm:	2 năm\r\nThời gian bảo hành động cơ:	Đang cập nhật\r\nNơi sản xuất:	Trung Quốc\r\nNăm ra mắt:	2023.'),
                                                                                                                                                                                                                       (2, 2, b'0', 12, 1000, 24, 5990000, 4190000, '[]', 'Máy giặt Toshiba 8.2 KG AW-F920LV(WB)', 'Thái Lan', NULL, 'Thiết kế máy giặt mới mẻ\r\nMáy giặt Toshiba AW-F920LV WB được thiết kế với vẻ ngoài độc đáo cùng màu sắc cũng khá là tươi mới, mang lại sự sinh động hiện đại hơn cho căn nhà của bạn. Khối lượng giặt 8.2 kg của chiếc máy giặt Toshiba này giúp cho nó trở nên khá phù hợp cho các gia đình có từ 3 – 5 thành viên.\r\n\r\nMáy giặt Toshiba AW-F920LV WB được thiết kế với vẻ ngoài độc đáo cùng màu sắc cũng khá là tươi mới\r\n\r\nĐáp ứng nhu cầu giặt giũ cơ bản với 6 chương trình được tích hợp sẵn\r\nMáy giặt Toshiba 8.2 kg AW-F920LV WB được tích hợp sẵn 6 chương trình giặt (xem chi tiết tại bảng thông số kỹ thuật) bao gồm: giặt nhanh, giặt mạnh, giặt ngâm, giặt thường, xã với hương thơm, vệ sinh lồng giặt. Trong đó, chương trình xả với hương thơm giúp lưu giữ hương thơm quần áo, khi giặt xong chu trình giặt sẽ thêm một khoảng thời gian xả ngâm với nước xả trước khi xả nước sạch hoàn toàn, giúp quần áo trở nên thơm tho hơn, bạn sẽ tự tin hơn khi dạo bước xuống phố.\r\n\r\nChương trình giặt\r\n\r\nCông nghệ Mega Power Wash cho hiệu quả giặt sạch mạnh mẽ\r\nSở hữu công nghệ Mega Power Wash, máy giặt Toshiba AW-F920LV WB có khả năng giặt mạnh mẽ hơn nhờ mâm giặt 3 cánh tạo nên dòng nước ba chiều mạnh mẽ, xoáy sâu và đánh tan những vết bẩn cứng đầu nhất.\r\n\r\nSở hữu công nghệ Mega Power, máy giặt Toshiba AW-F920LV WB với mâm giặt 3 cánh tạo nên dòng nước ba chiều mạnh mẽ\r\n\r\nBảo vệ tốt sợi vải nhờ lồng giặt ngôi sao pha lê\r\nThiết kế thành lồng giặt độc đáo cùng nhiều gờ nổi, nâng cao hiệu quả ma sát và làm sạch mà không làm hư sợi vải.\r\n\r\nBảo vệ tốt sợi vải nhờ lồng giặt ngôi sao pha lê - Máy giặt Toshiba 8.2 kg AW-F920LV WB\r\n\r\nGiặt cô đặc bằng bọt khí dễ dàng đánh bay vết bẩn cứng đầu\r\nNhờ tính năng giặt cô đặc bằng bọt khí, máy giặt Toshiba AW-F920LV WB sẽ đánh tan các bột giặt thành những hạt nhỏ li ti, đi sâu vào và làm sạch từng sợi vải.\r\n\r\nGiặt cô đặc - Máy giặt Toshiba 8.2 kg AW-F920LV WB\r\n\r\nTự làm sạch và làm khô lồng giặt\r\nMáy giặt này có thể tự làm sạch lồng giặt, giúp cho các bạn đỡ tốn thời gian vệ sinh lồng giặt hơn mà vẫn giữ lồng giặt luôn sạch sẽ.\r\n\r\nMáy giặt Toshiba AW-F920LV WB có thể tự làm sạch cũng như hong khô lồng giặt\r\n\r\nQuần áo thơm lâu hơn bằng tính năng Fragrance Course\r\nMáy giặt Toshiba sẽ tự động ngâm quần áo của bạn với nước xả vải trong thời gian vừa đủ để quần áo có hương thơm được lưu giữ lâu hơn sau khi giặt, đồng thời còn giúp quần áo được mềm mại hơn.\r\n\r\nTính năng Fragrance Course - Máy giặt Toshiba 8.2 kg AW-F920LV WB', 'Công nghệ Mega Power Wash sức giặt mạnh mẽ, sạch hiệu quả.\r\nCông nghệ giặt cô động bằng bọt khí loại bỏ vết bẩn cứng đầu.\r\nLồng giặt ngôi sao pha lê chăm sóc quần áo không hư tổn.\r\nTự động vệ sinh làm sạch và làm khô lồng giặt.\r\nXuất xứ: Thái Lan.\r\nThời gian bảo hành: 24 tháng chính hãng, có người đến tận nhà.'),
                                                                                                                                                                                                                       (7, 2, b'0', 13, 1000, 24, 13000000, 9190000, '[]', 'Máy giặt Aqua Inverter 10 KG AQD-D1002G(BK)', 'Việt Nam', NULL, 'Máy giặt Aqua Inverter 10 kg AQD- D1002G BK với kiểu dáng lồng ngang hiện đại, tích hợp công nghệ giặt hơi nước giúp dễ dàng đánh bay các vết bẩn cứng đầu, diệt khuẩn, ngăn ngừa dị ứng. Ngoài ra, vòng đệm cửa được làm từ vật liệu đặc biệt có khả năng kháng khuẩn, hạn chế vi khuẩn, nấm mốc sinh sôi gây mùi khó chịu.\r\n\r\nTổng quan thiết kế\r\n– Kiểu dáng: máy giặt cửa trước – lồng ngang.\r\n\r\n– Bảng điều khiển tiếng Việt, tích hợp núm xoay lựa chọn chương trình giặt và màn hình LED hiển thị thông số dễ dàng sử dụng, đặc biệt là những gia đình có người lớn tuổi.\r\n\r\n– Nắp máy bằng kính kết hợp nhựa ABS mang lại sự chắc chắn, bền bỉ, hạn chế bỏng rát khi vô tình chạm tay vào nắp máy ở những chế độ sử dụng hơi nước/nước nóng.\r\n\r\n– Lồng giặt kích thước lớn 525 mm làm từ vật liệu thép không gỉ với các lỗ thoát nước nhỏ, cùng thiết kế dạng hình gối (Pillow) giúp các tia nước phun ra mạnh hơn, nâng cao hiệu quả giặt. Sử dụng công nghệ hàn laser tiên tiến, bề mặt lồng giặt không mối nối, giúp bảo vệ quần áo tốt hơn, tránh sờn rách, vướng chỉ.\r\n\r\nMáy giặt Aqua Inverter 10 kg AQD- D1002G BK - Bảng điều khiển tiếng Việt\r\n\r\n*Hình ảnh chỉ mang tính chất minh họa\r\n\r\nKhối lượng giặt và chương trình giặt\r\n– Khối lượng giặt tối đa: 10 kg, máy phục vụ tốt nhu cầu giặt giũ của gia đình có từ 5 – 7 người, hoặc các gia đình có ít thành viên hơn nhưng nhu cầu giặt giũ cao, có thói quen để dồn quần áo giặt 1 lần trong tuần.\r\n\r\n– 12 chương trình giặt được tích hợp sẵn giúp bạn thoải mái lựa chọn được chu trình phù hợp với chất liệu quần áo của mình: Đồ cotton, sợi tổng hợp, đồ hỗn hợp, đồ trẻ em, jeans, giặt thơm, giặt AI,… (xem thêm tại bảng thông số kỹ thuật). Chương trình giặt thông minh AI có khả năng tự động phân bổ lượng nước giặt/xả phù hợp dựa trên khối lượng và chất liệu quần áo.\r\n\r\nMáy giặt Aqua Inverter 10 kg AQD- D1002G BK - 12 chương trình giặt\r\n\r\n*Hình ảnh chỉ mang tính chất minh họa\r\n\r\nCông nghệ giặt đặc biệt\r\n– Giặt hơi nước làm sạch các vết bẩn cứng đầu, đồng thời giúp loại bỏ vi khuẩn và các chất gây dị ứng, an toàn cho da nhạy cảm nhờ hơi nước và bột giặt được khuếch tán đều bên trong lồng giặt ở nhiệt độ 60°C đến 90°C giúp thẩm thấu vào quần áo tốt hơn, làm mềm sợi vải, giảm nhăn hiệu quả.\r\n\r\n– Vòng đệm cửa kháng khuẩn ABT được làm từ chất liệu đặc biệt, vòng đệm cửa máy giặt Aqua có khả năng chống vi khuẩn và nấm mốc hiệu quả, giúp khu vực cửa luôn sạch sẽ, hạn chế vi khuẩn bám vào quần áo.\r\n\r\n– Công nghệ Smart Dual Spray tự làm sạch mặt trong cửa hạn chế xơ vải bám vào quần áo ở lần giặt sau nhờ các tia nước tự động rửa sạch xơ vải còn sót lại ở khu vực mặt trong cửa/vòng đệm sau mỗi lần giặt.\r\n\r\nMáy giặt Aqua Inverter 10 kg AQD- D1002G BK - Giặt hơi nước\r\n\r\n*Hình ảnh chỉ mang tính chất minh họa\r\n\r\nĐộng cơ – Công nghệ tiết kiệm điện\r\n– Kiểu động cơ: truyền động trực tiếp DD Inverter cải thiện hiệu suất giặt giúp máy giặt vận hành êm ái, tiết kiệm điện năng sử dụng cho gia đình.\r\n\r\n– Nhãn năng lượng chuẩn 5 sao, hiệu suất sử dụng điện là 15.3 Wh/kg.\r\n\r\nMáy giặt Aqua Inverter 10 kg AQD- D1002G BK - Động cơ DD Inverter \r\n\r\n*Hình ảnh chỉ mang tính chất minh họa\r\n\r\nTiện ích\r\n– Khóa trẻ em: khóa các phím chức năng, hạn chế các bé đùa nghịch bảng điều khiển hoặc mở cửa gây tràn nước ra sàn.\r\n\r\n– Hẹn giờ giặt: giúp bạn chủ động thời gian giặt giũ của mình, phù hợp cho những người bận rộn.\r\n\r\n– Chỉnh nhiệt độ nước khi giặt.\r\n\r\nMáy giặt Aqua Inverter 10 kg AQD- D1002G BK - Tiện ích đa dạng\r\n\r\n*Hình ảnh chỉ mang tính chất minh họa\r\n\r\nNhìn chung, với khối lượng giặt 10 kg cùng các công nghệ giặt hơi nước giúp diệt khuẩn, ngăn ngừa dị ứng an toàn cho da nhạy cảm, tích hợp công nghệ Inverter mang lại hiệu suất vận hành cao, tiết kiệm điện năng thì máy giặt Aqua AQD- D1002G BK sẽ phù hợp cho nhu cầu sử dụng cho các gia đình có từ 5 – 7 thành viên, đặc biệt là các gia đình có trẻ nhỏ hoặc những người có làn da dễ mẩn đỏ.', 'Loại máy – Khối lượng lồng giặt :	Máy giặt 10 kg,\r\nkhông tích hợp chức năng sấy khô.\r\nLoại lồng giặt :	Lồng ngang.\r\nLoại máy giặt :	Cửa trước.\r\nLoại máy giặt :	Tiết kiệm điện (Inverter).\r\nSố người sử dụng :	Từ 5 – 7 người (9.5 – 10 kg).\r\nKiểu động cơ :	DD Inverter.\r\nCông nghệ giặt :	Giặt hơi nước, lồng giặt lớn 525 mm, lồng giặt Pillow, Smart Dual Spray tự làm sạch mặt trong cửa, vòng đệm cửa kháng khuẩn ABT.\r\nCông nghệ sấy :	Không có .\r\nChương trình giặt :	Diệt khuẩn, giặt AI, giặt nhanh 15 phút, giặt thơm, Refresh, sợi tổng hợp, vắt, vệ sinh lồng giặt, đồ cotton, đồ hỗn hợp, đồ Jeans, đồ trẻ em.\r\nTiện ích :	Khóa trẻ em, chỉnh nhiệt độ nước, hẹn giờ giặt.\r\nLọc bụi, kháng khuẩn, khử mùi :	Không có.\r\nTiêu thụ điện :	Hãng chưa công bố.\r\nTốc độ quay vắt tối đa :	1400 vòng/phút.\r\nChất liệu lồng giặt :	Thép không gỉ.\r\nChất liệu vỏ máy :	Kim loại sơn tĩnh điện.\r\nChất liệu nắp máy :	Nhựa ABS + Kính.\r\nBảng điều khiển :	Tiếng Việt nút xoay có màn hình hiển thị.\r\nKích thước – khối lượng sản phẩm :	Cao 85 cm – Ngang 59,5 cm – Sâu 58,5 cm – Nặng 80 kg\r\nCông suất tiêu thụ điện :	15.3 Wh/kg\r\nThời gian bảo hành Sản phẩm :	24 Tháng.\r\nThời gian bảo hành động cơ :	Bảo hành động cơ trọn đời (Áp dụng cho sản phẩm mua từ 1/1/2021).\r\nNơi sản xuất :	Việt Nam.\r\nNăm ra mắt :	2021.'),
                                                                                                                                                                                                                       (4, 2, b'0', 14, 1000, 12, 7000000, 5390000, '[]', 'Máy giặt Sharp Inverter 10.5 KG ES-X105HV-S', 'Indonesia', NULL, 'Tiết kiệm điện năng tối ưu, vận hành êm ái nhờ công nghệ J-tech Inverter\r\nMáy giặt Sharp Inverter 10.5 Kg ES-X105HV-S có công nghệ J-tech Inverter nên trong quá trình vận hành sẽ điều chỉnh vòng quay của động cơ theo điều kiện phù hợp, giúp tiết kiệm điện tối ưu. Ngoài ra, tốc độ quay phù hợp theo từng giai đoạn nên máy chạy êm ái và bền bỉ.\r\n\r\n\r\n* Hình ảnh mang tính chất minh họa\r\n\r\nThêm đồ giặt khi máy đang vận hành tiện lợi\r\nMáy giặt có tính năng thêm đồ khi đang vận hành. Chính vì thế, mà người dùng không còn phải giặt hai lần nếu quên một số đồ mà máy đang chạy. Nhờ vậy mà tiết kiệm thời gian cho người dùng và tiện lợi hơn.\r\n\r\n\r\n* Hình ảnh mang tính chất minh họa\r\n\r\nTránh hư hại sợi vải và chống nấm mốc cùng lồng giặt Eco-Drum không lỗ\r\nMáy giặt Sharp Inverter sử dụng lồng giặt Eco-Drum không lỗ, nên bên trong máy giặt luôn thoáng và không đọng nước. Ngoài ra, còn tiết kiệm nước và chất giặt tẩy khi sử dụng.\r\n\r\nThiết kế lồng giặt không lỗ giúp áo quần khi giặt không bị vướng vào và có thể giặt cả những loại vải mềm mà không lo bị hư, sờn vải.\r\n\r\n\r\n* Hình ảnh mang tính chất minh họa\r\n\r\nĐánh tan vết bẩn bằng mâm giặt xoắn kép Screw + Dolphin\r\nTrong quá trình giặt, mâm giặt xoắn kép Screw + Dolphin tạo nên dòng nước xoáy mạnh, đảo chiều lên xuống đánh tan vết bẩn nhanh chóng, đồng thời giảm xoắn rối quần áo. Nhờ vậy các vết bẩn được loại bỏ dễ dàng mà không lo chất lượng quần áo bị ảnh hưởng.\r\n\r\n\r\n* Hình ảnh mang tính chất minh họa\r\n\r\nDiệt khuẩn, khử mùi quần áo với mâm giặt Ag+ kháng khuẩn\r\nMâm giặt Ag+ kháng khuẩn khi vận hành sẽ sản sinh ra phân tử bạc, ngăn chặn sự phát triển của vi khuẩn và nấm mốc. Giảm mùi hôi của quần áo trog những ngày mưa hoặc ẩm ướt, mang đến cảm giác dễ chịu cho người dùng.\r\n\r\n\r\n* Hình ảnh mang tính chất minh họa\r\n\r\nAn toàn cho gia đình với tính năng khóa trẻ em\r\nChức này này giúp máy giặt Sharp khóa bàn phím lúc máy đang vận hành để tránh trẻ em nghịch phá. Ngoài ra, sẽ phát ra tiếng kêu và xả nước ra bên ngoài nếu mở cửa giật quá lâu, đảm bảo an toàn cho gia đình có trẻ nhỏ.\r\n\r\n\r\n* Hình ảnh mang tính chất minh họa\r\n\r\nTóm lại, máy giặt Sharp Inverter 10.5 Kg ES-X105HV-S có dung tích giặt là 10,5 Kg cùng nhiều tiện ích khi sử dụng như tiết kiệm điện, tiết kiệm nước, loại bỏ mùi hôi cho vải,… nên hỗ trợ đắc lực trong quá trình giặt giũ.', 'Model:	ES-X105HV-S\r\nMàu sắc:	Đen bạc\r\nNhà sản xuất:	Sharp\r\nXuất xứ:	Indonesia\r\nNăm ra mắt :	2021\r\nThời gian bảo hành:	12 tháng\r\nĐịa điểm bảo hành:	Toàn quốc\r\nLoại máy giặt:	Máy giặt cửa trên\r\nKiểu lồng giặt:	Lồng đứng\r\nKhối lượng giặt:	10.5 kg\r\nChế độ giặt:	9 chương trình giặt\r\nCông nghệ Inverter:	J- Tech Inverter\r\nKháng khuẩn – Khử mùi:	Mâm giặt phủ bạc Ag+\r\nVệ sinh lồng giặt:	Có\r\nChất liệu lồng giặt:	Thép không gỉ'),
                                                                                                                                                                                                                       (3, 2, b'0', 15, 1000, 24, 6990000, 5990000, '[]', 'Máy giặt Panasonic 9.0 KG NA-F90S10BRV', 'Việt Nam', NULL, 'Thiết kế hiện đại, sang trọng\r\nMáy giặt Panasonic NA-F90S10BRV thuộc dòng máy giặt lồng đứng của Panasonic với nắp kính cường lực không viền có thể chịu tải lên đến 60kg. Cùng với đó, nắp cửa chống sập mang lại sự an toàn cho người dùng.\r\n\r\nKhối lượng giặt 10kg, chiếc máy giặt Panasonic NA-F90S10BRV này sẽ là lựa chọn tốt cho nhứng gia đình có từ 4 đến 5 thành viên, hoặc ít hơn nhưng có nhu cầu giặt giũ cao.\r\n\r\n\r\nTạo bọt siêu mịn nhờ hệ thống ActiveFoam\r\nHệ thống Active Foam trên máy giặt cửa trên Panasonic NA-F90S10BRV với khả năng hòa tan bột giặt thành hàng triệu bọt khí li ti, thẩm thấu nhanh vào từng sợi vải, để loại bỏ các vết bẩn cứng đầu, đảm bảo quần áo sẽ luôn được giặt sạch sẽ, hạn chế đóng cặn bột giặt bám trên quần áo.\r\n\r\nGiặt sạch vết bẩn cứng đầu bằng dòng nước mạnh mẽ\r\nHiệu quả giặt sạch được tạo ra thông qua một hệ thống chuyển động độc đáo của dòng nước kết hợp với chức năng xoay đảo kết hợp lực xoáy mạnh và yếu luân phiên. Dòng nước động này tạo ra chức năng giặt kiểu chà hiệu quả để loại bỏ vết bẩn hiệu quả hơn.\r\n\r\nGiặt sạch hơn 15% với chế độ giặt siêu sạch\r\nMáy giặt Panasonic 9.0 kg NA-F90S10BRV được trang bị chế độ giặt siêu sạch với các quy trình ngâm tăng cường và xoay đảo mạnh mẽ giúp loại bỏ vết bẩn cứng đầu. Từ đó, tăng hiệu quả giặt sạch lên tới 15% so với chế độ giặt thông thường.\r\n\r\nMâm giặt tinh thể bạc\r\nMáy giặt Panasonic giá rẻ NA-F90S10BRV sử dụng mâm giặt với các tinh thể ion bạc mang lại hiệu quả kháng khuẩn và chống nấm mốc cho mâm giặt và hệ thống lọc xơ vải cùng khả năng loại bỏ cặn bột giặt.', 'Loại máy giặt :	 Cửa trên\r\nLồng giặt :	 Lồng đứng\r\nKhối lượng giặt :	 9 Kg\r\nInverter :	 Không\r\nChương trình hoạt động :	 11 Chương trình\r\nCông nghệ giặt :	 Hệ thống ActiveFoam, Mâm giặt 6 cánh, Lồng giặt Sazanami\r\nChất liệu lồng giặt :	 Thép không gỉ\r\nChất liệu nắp máy :	 Kính chịu lực\r\nBảng điều khiển :	 Nút gián tiếp\r\nKích thước – Khối lượng :	 554 x 582 x 952 mm – 34 kg\r\nNăm ra mắt :	 2021');

# Hình ảnh của 15 sản phẩm
INSERT INTO `media` (`image_id`, `is_external_image`, `is_primary`, `product_id`, `image_url`) VALUES
                                                                                                   (1, b'1', b'1', 1, 'https://cdn.tgdd.vn/Products/Images/2002/307168/tcl-inverter-15-hp-tac-13csd-xab1i-550x160.jpg'),
                                                                                                   (2, b'1', b'0', 1, 'https://cdn.tgdd.vn/Products/Images/2002/307168/Slider/vi-vn-tong-quan-tcl-inverter-15-hp-tac-13csd-xab1i-1.jpg'),
                                                                                                   (3, b'1', b'0', 1, 'https://cdn.tgdd.vn/Products/Images/2002/307168/Slider/vi-vn-bo-loc-tcl-inverter-15-hp-tac-13csd-xab1i-2.jpg'),
                                                                                                   (4, b'1', b'1', 2, 'https://dienmaygiakhang.vn/wp-content/uploads/2023/08/AR18CYHAAWKNSV-1.jpg'),
                                                                                                   (5, b'1', b'0', 2, 'https://dienmaygiakhang.vn/wp-content/uploads/2023/08/AR18CYHAAWKNSV-4.jpg'),
                                                                                                   (6, b'1', b'0', 2, 'https://dienmaygiakhang.vn/wp-content/uploads/2023/08/AR18CYHAAWKNSV-6.jpg'),
                                                                                                   (7, b'1', b'1', 3, 'https://dienmaygiakhang.vn/wp-content/uploads/2022/03/FTKB50WAVMV_0006_Layer-1.jpg'),
                                                                                                   (8, b'1', b'0', 3, 'https://dienmaygiakhang.vn/wp-content/uploads/2022/03/FTKB50WAVMV_0003_Layer-4.jpg'),
                                                                                                   (9, b'1', b'0', 3, 'https://cdn.tgdd.vn/Products/Images/2002/271497/Slider/1-1020x570.jpg'),
                                                                                                   (10, b'1', b'0', 3, 'https://cdn.tgdd.vn/Products/Images/2002/271497/Slider/daikin-inverter-15-hp-ftkb35wmvmv637946907880003245.jpg'),
                                                                                                   (11, b'1', b'1', 4, 'https://dienmaygiakhang.vn/wp-content/uploads/2021/03/SC-09FS323.jpg'),
                                                                                                   (12, b'1', b'0', 4, 'https://dienmaygiakhang.vn/wp-content/uploads/2021/03/SC-09FS322.jpg'),
                                                                                                   (13, b'1', b'0', 4, 'https://cdn.tgdd.vn/Products/Images/2002/242868/Slider/casper-2-hp-lc-18fs32-210721-0918400.jpg'),
                                                                                                   (14, b'1', b'1', 5, 'https://dienmaygiakhang.vn/wp-content/uploads/2021/03/RAS-H18E2KCVG-V2.jpg'),
                                                                                                   (15, b'1', b'0', 5, 'https://dienmaygiakhang.vn/wp-content/uploads/2021/03/RAS-H18E2KCVG-V.jpg'),
                                                                                                   (16, b'1', b'0', 5, 'https://dienmaygiakhang.vn/wp-content/uploads/2021/03/RAS-H18E2KCVG-V1.jpg'),
                                                                                                   (17, b'1', b'1', 6, 'https://dienmaygiakhang.vn/wp-content/uploads/2021/04/RF48A4000B4SV_0002_Layer-5.jpg'),
                                                                                                   (18, b'1', b'0', 6, 'https://dienmaygiakhang.vn/wp-content/uploads/2021/04/RF48A4000B4SV_0001_Layer-6.jpg'),
                                                                                                   (19, b'1', b'0', 6, 'https://dienmaygiakhang.vn/wp-content/uploads/2021/04/RF48A4000B4SV_0000_Layer-7.jpg'),
                                                                                                   (20, b'1', b'0', 6, 'https://cdn.tgdd.vn/Products/Images/1943/236999/Slider/0-1020x570.jpg'),
                                                                                                   (21, b'1', b'1', 7, 'https://dienmaygiakhang.vn/wp-content/uploads/2019/12/GN-D315BL-6.jpg'),
                                                                                                   (22, b'1', b'0', 7, 'https://dienmaygiakhang.vn/wp-content/uploads/2019/12/GN-D315BL-4.jpg'),
                                                                                                   (23, b'1', b'0', 7, 'https://dienmaygiakhang.vn/wp-content/uploads/2019/12/GN-D315BL-3.jpg'),
                                                                                                   (24, b'1', b'0', 7, 'https://cdn.tgdd.vn/Products/Images/1943/202827/Slider/lg-gn-d315bl-210821-0331420.png'),
                                                                                                   (25, b'1', b'1', 8, 'https://dienmaygiakhang.vn/wp-content/uploads/2021/03/NR-BX471GPKV-layer-1.jpg'),
                                                                                                   (26, b'1', b'0', 8, 'https://dienmaygiakhang.vn/wp-content/uploads/2021/03/NR-BX471GPKV-layer-3.jpg'),
                                                                                                   (27, b'1', b'0', 8, 'https://cdn.tgdd.vn/Products/Images/1943/235431/Slider/panasonic-nr-bx471gpkv-160821-0942430.jpg'),
                                                                                                   (28, b'1', b'1', 9, 'https://dienmaygiakhang.vn/wp-content/uploads/2023/08/R-H350PGV7BBK-1.jpg'),
                                                                                                   (29, b'1', b'0', 9, 'https://dienmaygiakhang.vn/wp-content/uploads/2023/08/R-H350PGV7BBK-2.jpg'),
                                                                                                   (30, b'1', b'1', 10, 'https://dienmaygiakhang.vn/wp-content/uploads/2021/03/K-A_0005_Layer-21.jpg'),
                                                                                                   (31, b'1', b'0', 10, 'https://dienmaygiakhang.vn/wp-content/uploads/2021/03/K-A_0003_Layer-23.jpg'),
                                                                                                   (32, b'1', b'1', 11, 'https://dienmaygiakhang.vn/wp-content/uploads/2023/09/AQW-FR140UHTSS-1.jpg'),
                                                                                                   (33, b'1', b'0', 11, 'https://dienmaygiakhang.vn/wp-content/uploads/2023/09/AQW-FR140UHTSS-5.jpg'),
                                                                                                   (34, b'1', b'0', 11, 'https://dienmaygiakhang.vn/wp-content/uploads/2023/09/AQW-FR140UHTSS-7.jpg'),
                                                                                                   (35, b'1', b'1', 12, 'https://dienmaygiakhang.vn/wp-content/uploads/2021/03/AW-G1100GVWB.jpg'),
                                                                                                   (36, b'1', b'0', 12, 'https://dienmaygiakhang.vn/wp-content/uploads/2021/03/AW-G1100GVWB1.jpg'),
                                                                                                   (37, b'1', b'0', 12, 'https://dienmaygiakhang.vn/wp-content/uploads/2021/03/AW-G1100GVWB8.jpg'),
                                                                                                   (38, b'1', b'1', 13, 'https://dienmaygiakhang.vn/wp-content/uploads/2022/06/AQD-D1002GBK-LAYER-1-2.jpg'),
                                                                                                   (39, b'1', b'0', 13, 'https://dienmaygiakhang.vn/wp-content/uploads/2022/06/AQD-D1002GBK-LAYER-2.jpg'),
                                                                                                   (40, b'1', b'0', 13, 'https://dienmaygiakhang.vn/wp-content/uploads/2022/06/AQD-D1002GBK-LAYER-6.jpg'),
                                                                                                   (41, b'1', b'0', 13, 'https://dienmaygiakhang.vn/wp-content/uploads/2022/06/AQD-D1002GBK-LAYER-5.jpg'),
                                                                                                   (42, b'1', b'1', 14, 'https://dienmaygiakhang.vn/wp-content/uploads/2021/05/ES-X95HV-S_0002_Layer-73.jpg'),
                                                                                                   (43, b'1', b'0', 14, 'https://dienmaygiakhang.vn/wp-content/uploads/2021/05/ES-X95HV-S_0001_Layer-74.jpg'),
                                                                                                   (44, b'1', b'0', 14, 'https://dienmaygiakhang.vn/wp-content/uploads/2021/05/ES-X95HV-S_0000_Layer-75.jpg'),
                                                                                                   (45, b'1', b'1', 15, 'https://dienmaygiakhang.vn/wp-content/uploads/2022/04/NA-F10S10BRV_0002_Layer-1.jpg'),
                                                                                                   (46, b'1', b'0', 15, 'https://dienmaygiakhang.vn/wp-content/uploads/2022/04/NA-F10S10BRV_0001_Layer-2.jpg'),
                                                                                                   (47, b'1', b'0', 15, 'https://dienmaygiakhang.vn/wp-content/uploads/2022/04/NA-F10S10BRV_0000_Layer-3.jpg');

# INSERT INTO `ship_info`(`is_deleted`, `ship_id`, `user_id`, `address`, `full_name`, `phone`) VALUES (b'0',null,1,'273, An Dương Vương, p3, q5, tp.HCM','Duy Huỳnh','0569842214'),
#                                                                                                     (b'0',null,1,'273, An Dương Vương, p3, q5, tp.HCM','Khánh Huỳnh','068845412'),
#                                                                                                     (b'0',null,1,'273, An Dương Vương, p3, q5, tp.HCM','Võ Minh','098543217'),
#                                                                                                     (b'0',null,1,'273, An Dương Vương, p3, q5, tp.HCM','Minh Tuấn','0412586234'),
#                                                                                                     (b'0',null,1,'273, An Dương Vương, p3, q5, tp.HCM','Duy Huỳnh','0569842214'),
#                                                                                                     (b'0',null,1,'273, An Dương Vương, p3, q5, tp.HCM','Khánh Huỳnh','068845412'),
#                                                                                                     (b'0',null,1,'273, An Dương Vương, p3, q5, tp.HCM','Võ Minh','098543217'),
#                                                                                                     (b'0',null,1,'273, An Dương Vương, p3, q5, tp.HCM','Duy Huỳnh','0569842214'),
#                                                                                                     (b'0',null,1,'273, An Dương Vương, p3, q5, tp.HCM','Khánh Huỳnh','068845412'),
#                                                                                                     (b'0',null,1,'273, An Dương Vương, p3, q5, tp.HCM','Võ Minh','098543217'),
#                                                                                                     (b'0',null,1,'99, An Dương Vương, p16, q8, tp.HCM','Võ Huỳnh','019537258');

# INSERT INTO `orders`(`is_deleted`, `order_id`, `order_status`, `payment_status`, `ship_id`, `user_id`, `create_at`, `total_price`, `payment_method`) VALUES (b'0',null,1,b'0',1,1,CURRENT_TIME,1500000,'tiền mặt'),
#                                                                                                                                                             (b'0',null,1,b'0',3,1,CURRENT_TIME,3990000,'chuyển khoản'),
#                                                                                                                                                             (b'0',null,1,b'1',6,1,CURRENT_TIME,7200000,'tiền mặt'),
#                                                                                                                                                             (b'0',null,1,b'0',4,1,CURRENT_TIME,4990000,'chuyển khoản'),
#                                                                                                                                                             (b'1',null,1,b'1',2,1,CURRENT_TIME,2700000,'tiền mặt'),
#                                                                                                                                                             (b'0',null,1,b'0',1,1,CURRENT_TIME,5490000,'chuyển khoản'),
#                                                                                                                                                             (b'0',null,1,b'0',5,1,CURRENT_TIME,10590000,'tiền mặt'),
#                                                                                                                                                             (b'0',null,1,b'0',7,1,CURRENT_TIME,2700000,'tiền mặt'),
#                                                                                                                                                             (b'0',null,1,b'1',6,1,CURRENT_TIME,3600000,'tiền mặt'),
#                                                                                                                                                             (b'1',null,1,b'0',2,1,CURRENT_TIME,2200000,'chuyển khoản'),
#                                                                                                                                                             (b'0',null,1,b'1',3,1,CURRENT_TIME,5300000,'chuyển khoản'),
#                                                                                                                                                             (b'0',null,1,b'0',1,1,CURRENT_TIME,9799000,'tiền mặt'),
#                                                                                                                                                             (b'0',null,1,b'0',8,1,CURRENT_TIME,1500000,'tiền mặt'),
#                                                                                                                                                             (b'0',null,1,b'0',1,1,CURRENT_TIME,1500000,'chuyển khoản');